pref,dosekiryu,dosekiryu_red,kyukeisha,kyukeisha_red,jisuberi,jisuberi_red,total,total_red,kiso_total,kiso_doseki,kiso_kyukei,kiso_jisuberi
北海道,4734,1795,6527,6240,510,0,11771,8035,11807,4746,6544,517
青森県,1163,699,2814,2622,85,0,4062,3321,4062,1163,2814,85
岩手県,7237,6316,9754,9640,164,0,17155,15956,19150,7626,11360,164
宮城県,4012,3422,5591,5481,158,0,9761,8903,9761,4012,5591,158
秋田県,4128,3070,3189,3112,668,0,7985,6182,7989,4131,3190,668
山形県,2210,1355,2276,2191,757,0,5243,3546,5243,2210,2276,757
福島県,3929,2963,3770,3733,270,0,7969,6696,7983,3935,3778,270
茨城県,1661,1435,2237,2161,186,0,4084,3596,4084,1661,2237,186
栃木県,3563,2853,6040,5972,107,0,9710,8825,9726,3563,6056,107
群馬県,2858,2300,5881,5783,344,0,9083,8083,9083,2858,5881,344
埼玉県,1497,1212,3618,3496,121,0,5236,4708,5236,1497,3618,121
千葉県,647,458,19619,18877,185,0,20451,19335,20667,647,19835,185
東京都,2046,1731,13671,12040,31,0,15748,13771,15748,2046,13671,31
神奈川県,1683,1124,8581,7809,55,0,10319,8933,10319,1683,8581,55
山梨県,2691,1967,5588,5458,447,0,8726,7425,8726,2691,5588,447
長野県,6736,5478,20345,17339,1520,0,28601,22817,28861,6755,20586,1520
新潟県,5356,2608,7311,6328,1449,0,14116,8936,14116,5356,7311,1449
富山県,1382,871,2845,2777,659,1,4886,3649,4895,1385,2850,660
石川県,2119,1707,1917,1871,661,0,4697,3578,4698,2119,1917,662
岐阜県,8043,6547,10654,10588,96,0,18793,17135,19692,8321,11275,96
静岡県,5034,3461,12869,12369,347,0,18250,15830,18250,5034,12869,347
愛知県,4993,3856,15273,14458,55,0,20321,18314,20787,5023,15709,55
三重県,5647,4300,11376,11114,88,0,17111,15414,17111,5647,11376,88
福井県,4542,3537,7057,6907,153,0,11752,10444,11752,4542,7057,153
滋賀県,2557,1421,4267,3621,78,0,6902,5042,7083,2599,4405,79
京都府,6865,4378,10486,10251,60,0,17411,14629,17458,6869,10528,61
大阪府,1819,1312,6542,6457,17,0,8378,7769,8378,1819,6542,17
兵庫県,6987,2126,14204,10684,356,0,21547,12810,21594,7001,14237,356
奈良県,3796,3119,7279,7101,164,0,11239,10220,11445,3816,7465,164
和歌山県,5543,4774,15814,15545,567,0,21924,20319,21924,5543,15814,567
鳥取県,2619,1797,3567,3476,121,0,6307,5273,6307,2619,3567,121
島根県,13277,2746,18208,18055,724,0,32209,20801,32209,13277,18208,724
岡山県,6773,5088,5712,5178,268,0,12753,10266,12753,6773,5712,268
広島県,16935,15326,30845,29753,117,0,47897,45079,47897,16935,30845,117
山口県,9871,8719,15524,15123,330,0,25725,23842,25725,9871,15524,330
徳島県,2308,1976,9885,9760,441,0,12634,11736,12851,2380,10030,441
香川県,3267,2324,4648,4288,123,0,8038,6612,8048,3272,4653,123
愛媛県,7207,5788,8390,8254,862,0,16459,14042,17163,7288,9011,864
高知県,5833,4981,13862,13600,319,0,20014,18581,20014,5833,13862,319
福岡県,5534,4928,12690,11781,238,0,18462,16709,18525,5542,12745,238
佐賀県,3473,2925,9089,8692,347,0,12909,11617,12909,3473,9089,347
長崎県,5918,5487,34350,33554,1213,0,41481,39041,41481,5918,34350,1213
熊本県,5987,4523,20098,19707,224,0,26309,24230,26434,6051,20159,224
大分県,6496,5349,19051,18488,300,0,25847,23837,25847,6496,19051,300
宮崎県,3475,2454,11608,11124,244,0,15327,13578,15327,3475,11608,244
鹿児島県,7335,5275,16427,15201,95,0,23857,20476,23863,7335,16433,95
沖縄県,282,204,1185,1142,88,0,1555,1346,1558,282,1185,91
